[
  {
    "id": "c24e2662-4d61-4353-a040-d0664b74f998",
    "data": [
      {
        "text": "musique",
        "alias": "type-of-thing",
        "meta": "@type-of-thing",
        "userDefined": false
      }
    ],
    "isTemplate": false,
    "count": 0,
    "updated": 1520352691
  },
  {
    "id": "2884bdeb-be32-4d8c-901a-41e373f98a43",
    "data": [
      {
        "text": "série",
        "alias": "type-of-thing",
        "meta": "@type-of-thing",
        "userDefined": false
      }
    ],
    "isTemplate": false,
    "count": 0,
    "updated": 1520352691
  },
  {
    "id": "1b05d4be-85f6-4df5-ac63-708d882ececb",
    "data": [
      {
        "text": "film",
        "alias": "type-of-thing",
        "meta": "@type-of-thing",
        "userDefined": false
      }
    ],
    "isTemplate": false,
    "count": 0,
    "updated": 1520348869
  },
  {
    "id": "6207979a-4cd0-4a48-8a45-550f2781e982",
    "data": [
      {
        "text": "je voudrais ajouter ",
        "userDefined": false
      },
      {
        "text": "imitation game",
        "alias": "thing-to-watch",
        "meta": "@sys.any",
        "userDefined": false
      }
    ],
    "isTemplate": false,
    "count": 0,
    "updated": 1520348869
  },
  {
    "id": "41c1986d-ba4d-4f4f-8905-5cc3a3f3ff09",
    "data": [
      {
        "text": "enregistre ",
        "userDefined": false
      },
      {
        "text": "led zepplin",
        "alias": "thing-to-watch",
        "meta": "@sys.any",
        "userDefined": true
      }
    ],
    "isTemplate": false,
    "count": 0,
    "updated": 1520348869
  },
  {
    "id": "194db96f-a730-41d4-9634-16ddbd6ef495",
    "data": [
      {
        "text": "ecoute ",
        "userDefined": false
      },
      {
        "text": "led zepplin",
        "alias": "thing-to-watch",
        "meta": "@sys.any",
        "userDefined": true
      }
    ],
    "isTemplate": false,
    "count": 0,
    "updated": 1520348869
  },
  {
    "id": "e781956f-c671-4e47-b026-36e4d013ceb3",
    "data": [
      {
        "text": "je voudrais écouter ",
        "userDefined": false
      },
      {
        "text": "led zepplin",
        "alias": "thing-to-watch",
        "meta": "@sys.any",
        "userDefined": true
      }
    ],
    "isTemplate": false,
    "count": 0,
    "updated": 1520348869
  },
  {
    "id": "277e4973-728e-47ef-8713-37a1db6b72b6",
    "data": [
      {
        "text": "met aussi ",
        "userDefined": false
      },
      {
        "text": "Lollywood",
        "alias": "thing-to-watch",
        "meta": "@sys.any",
        "userDefined": true
      },
      {
        "text": " dans la liste",
        "userDefined": false
      }
    ],
    "isTemplate": false,
    "count": 0,
    "updated": 1520348869
  },
  {
    "id": "b4b46c7e-9e83-4256-96f2-0133d86da13e",
    "data": [
      {
        "text": "ajoute ",
        "userDefined": false
      },
      {
        "text": "Black Mirror",
        "alias": "thing-to-watch",
        "meta": "@sys.any",
        "userDefined": true
      },
      {
        "text": " à la liste",
        "userDefined": false
      }
    ],
    "isTemplate": false,
    "count": 0,
    "updated": 1520348869
  },
  {
    "id": "bd0e1fd2-9e9c-410d-9476-13a218fc4842",
    "data": [
      {
        "text": "ajoute la ",
        "userDefined": false
      },
      {
        "text": "série",
        "alias": "type-of-thing",
        "meta": "@type-of-thing",
        "userDefined": false
      },
      {
        "text": " ",
        "userDefined": false
      },
      {
        "text": "100 pour cent",
        "alias": "thing-to-watch",
        "meta": "@sys.any",
        "userDefined": true
      }
    ],
    "isTemplate": false,
    "count": 0,
    "updated": 1520348869
  },
  {
    "id": "5a885654-a788-4bcb-b10c-a1c15813731e",
    "data": [
      {
        "text": "ajoute le ",
        "userDefined": false
      },
      {
        "text": "film",
        "alias": "type-of-thing",
        "meta": "@type-of-thing",
        "userDefined": false
      },
      {
        "text": " ",
        "userDefined": false
      },
      {
        "text": "Badass multiplayer",
        "alias": "thing-to-watch",
        "meta": "@sys.any",
        "userDefined": true
      }
    ],
    "isTemplate": false,
    "count": 0,
    "updated": 1520348869
  },
  {
    "id": "0e4ef893-5b4b-4e90-82f2-4bfc4e822d92",
    "data": [
      {
        "text": "ajoute donc ",
        "userDefined": false
      },
      {
        "text": "Plop va à la neige",
        "alias": "thing-to-watch",
        "meta": "@sys.any",
        "userDefined": true
      }
    ],
    "isTemplate": false,
    "count": 0,
    "updated": 1520348869
  },
  {
    "id": "77b0bd1c-1a10-4887-91eb-4604e6f7c99c",
    "data": [
      {
        "text": "ajoute aussi ",
        "userDefined": false
      },
      {
        "text": "Go go les oiseaux",
        "alias": "thing-to-watch",
        "meta": "@sys.any",
        "userDefined": false
      }
    ],
    "isTemplate": false,
    "count": 0,
    "updated": 1520348869
  },
  {
    "id": "3ba1a6ad-afe0-429e-910d-b9f633c5af23",
    "data": [
      {
        "text": "ajoute ",
        "userDefined": false
      },
      {
        "text": "Kirikou",
        "alias": "thing-to-watch",
        "meta": "@sys.any",
        "userDefined": true
      }
    ],
    "isTemplate": false,
    "count": 0,
    "updated": 1520348869
  },
  {
    "id": "c7721259-b2d9-4d43-af19-228387a0610d",
    "data": [
      {
        "text": "Il faut que je matte ",
        "userDefined": false
      },
      {
        "text": "Black Swan",
        "alias": "thing-to-watch",
        "meta": "@sys.any",
        "userDefined": false
      }
    ],
    "isTemplate": false,
    "count": 0,
    "updated": 1520348869
  },
  {
    "id": "b54e1b23-f763-4db8-abda-15a381369544",
    "data": [
      {
        "text": "C\u0027est ",
        "userDefined": false
      },
      {
        "text": "un",
        "meta": "@sys.ignore",
        "userDefined": false
      },
      {
        "text": " ",
        "userDefined": false
      },
      {
        "text": "film",
        "alias": "type-of-thing",
        "meta": "@type-of-thing",
        "userDefined": false
      }
    ],
    "isTemplate": false,
    "count": 0,
    "updated": 1520348869
  },
  {
    "id": "06c90e95-4c9b-4a4a-88a6-ab901a784236",
    "data": [
      {
        "text": "il faut que je matte ",
        "userDefined": false
      },
      {
        "text": "Une nuit en enfer",
        "alias": "thing-to-watch",
        "meta": "@sys.any",
        "userDefined": false
      }
    ],
    "isTemplate": false,
    "count": 1,
    "updated": 1520348869
  },
  {
    "id": "58a4b07e-50dd-4f97-bf65-ba21711fe306",
    "data": [
      {
        "text": "série",
        "alias": "type-of-thing",
        "meta": "@type-of-thing",
        "userDefined": true
      },
      {
        "text": " à tester ",
        "userDefined": false
      },
      {
        "text": "Ugly Delicious",
        "alias": "thing-to-watch",
        "meta": "@sys.any",
        "userDefined": true
      }
    ],
    "isTemplate": false,
    "count": 0,
    "updated": 1520348869
  },
  {
    "id": "5f7b385b-8804-46c1-9a35-d636dfaf70fc",
    "data": [
      {
        "text": "ajoute ce ",
        "userDefined": false
      },
      {
        "text": "film",
        "alias": "type-of-thing",
        "meta": "@type-of-thing",
        "userDefined": false
      },
      {
        "text": " ",
        "userDefined": false
      },
      {
        "text": "Boulevard de la mort",
        "alias": "thing-to-watch",
        "meta": "@sys.any",
        "userDefined": true
      }
    ],
    "isTemplate": false,
    "count": 0,
    "updated": 1520348869
  },
  {
    "id": "1de6e22c-077c-402c-80af-105c312b252b",
    "data": [
      {
        "text": "voir la suite de ",
        "userDefined": false
      },
      {
        "text": "Ugly Delicious",
        "alias": "thing-to-watch",
        "meta": "@sys.any",
        "userDefined": true
      }
    ],
    "isTemplate": false,
    "count": 0,
    "updated": 1520348869
  },
  {
    "id": "2f529b76-dee4-43e0-8ed0-f9557b531076",
    "data": [
      {
        "text": "à  voir ",
        "userDefined": false
      },
      {
        "text": "Heathers (sur Netflix)",
        "alias": "thing-to-watch",
        "meta": "@sys.any",
        "userDefined": true
      }
    ],
    "isTemplate": false,
    "count": 0,
    "updated": 1520348869
  },
  {
    "id": "e0d226ae-03f4-48a5-ac5e-1d226954eea7",
    "data": [
      {
        "text": "faut que je matte ",
        "userDefined": false
      },
      {
        "text": "Lost in translation",
        "alias": "thing-to-watch",
        "meta": "@sys.any",
        "userDefined": true
      }
    ],
    "isTemplate": false,
    "count": 0,
    "updated": 1520348869
  },
  {
    "id": "a48cc87d-a424-47a3-ad84-4fc998d45924",
    "data": [
      {
        "text": "il faut que je regarde ",
        "userDefined": false
      },
      {
        "text": "Lost",
        "alias": "thing-to-watch",
        "meta": "@sys.any",
        "userDefined": true
      }
    ],
    "isTemplate": false,
    "count": 0,
    "updated": 1520348869
  },
  {
    "id": "777bc62c-76bc-4558-af3a-8ed96a485807",
    "data": [
      {
        "text": "on m\u0027a conseillé ",
        "userDefined": false
      },
      {
        "text": "Une nuit en enfer",
        "alias": "thing-to-watch",
        "meta": "@sys.any",
        "userDefined": true
      }
    ],
    "isTemplate": false,
    "count": 0,
    "updated": 1520348869
  },
  {
    "id": "1cf6c100-1dd3-4e05-86d3-4a40a7e92711",
    "data": [
      {
        "text": "à matter : ",
        "userDefined": false
      },
      {
        "text": "https://www.youtube.com/watch?v\u003d6JgCDrMWWK8",
        "alias": "thing-to-watch",
        "meta": "@sys.any",
        "userDefined": true
      }
    ],
    "isTemplate": false,
    "count": 0,
    "updated": 1520348869
  },
  {
    "id": "d9866709-f0b2-4809-a683-6a1fdf6030bf",
    "data": [
      {
        "text": "à check ",
        "userDefined": false
      },
      {
        "text": "https://www.youtube.com/watch?v\u003d6JgCDrMWWK8",
        "alias": "thing-to-watch",
        "meta": "@sys.any",
        "userDefined": true
      }
    ],
    "isTemplate": false,
    "count": 0,
    "updated": 1520348869
  },
  {
    "id": "cff46356-3fe1-415a-bd3c-5c33a1450ff7",
    "data": [
      {
        "text": "à voir : ",
        "userDefined": false
      },
      {
        "text": "https://www.youtube.com/watch?v\u003d6JgCDrMWWK8",
        "alias": "thing-to-watch",
        "meta": "@sys.any",
        "userDefined": true
      }
    ],
    "isTemplate": false,
    "count": 0,
    "updated": 1520348869
  },
  {
    "id": "b3175743-e807-4100-ab84-b00df0ea1e8b",
    "data": [
      {
        "text": "il faut que je matte ",
        "userDefined": false
      },
      {
        "text": "https://www.youtube.com/watch?v\u003d6JgCDrMWWK8",
        "alias": "thing-to-watch",
        "meta": "@sys.any",
        "userDefined": true
      }
    ],
    "isTemplate": false,
    "count": 0,
    "updated": 1520348869
  }
]