[
  {
    "id": "dc990992-d76d-4c73-a0e2-73c5c5084c39",
    "data": [
      {
        "text": "série",
        "alias": "type-of-thing",
        "meta": "@type-of-thing",
        "userDefined": false
      }
    ],
    "isTemplate": false,
    "count": 0,
    "updated": 1520348583
  },
  {
    "id": "cb8ab99e-3d8e-4ab9-b6f0-173d8495ed3d",
    "data": [
      {
        "text": "film",
        "alias": "type-of-thing",
        "meta": "@type-of-thing",
        "userDefined": false
      }
    ],
    "isTemplate": false,
    "count": 0,
    "updated": 1520348583
  },
  {
    "id": "a318327d-c018-442f-9e59-ca16ebc8fcb1",
    "data": [
      {
        "text": "musique",
        "alias": "type-of-thing",
        "meta": "@type-of-thing",
        "userDefined": false
      }
    ],
    "isTemplate": false,
    "count": 0,
    "updated": 1520348583
  }
]