[
  {
    "id": "456b8cfd-4616-4c08-8de4-2afe7bf95e14",
    "data": [
      {
        "text": "ajoute ",
        "userDefined": false
      },
      {
        "text": "une",
        "meta": "@sys.ignore",
        "userDefined": false
      },
      {
        "text": " ",
        "userDefined": false
      },
      {
        "text": "musique",
        "alias": "type-of-thing",
        "meta": "@type-of-thing",
        "userDefined": false
      }
    ],
    "isTemplate": false,
    "count": 0,
    "updated": 0
  },
  {
    "id": "682cdad5-9683-495e-a5df-b14e160034c4",
    "data": [
      {
        "text": "série",
        "alias": "type-of-thing",
        "meta": "@type-of-thing",
        "userDefined": false
      }
    ],
    "isTemplate": false,
    "count": 0,
    "updated": 1520348583
  },
  {
    "id": "efce25b9-c5e7-43f7-8d56-159ec472864d",
    "data": [
      {
        "text": "film",
        "alias": "type-of-thing",
        "meta": "@type-of-thing",
        "userDefined": false
      }
    ],
    "isTemplate": false,
    "count": 0,
    "updated": 1520348583
  },
  {
    "id": "0a796604-e8dc-464d-b43b-77a0ed4adf3d",
    "data": [
      {
        "text": "musique",
        "alias": "type-of-thing",
        "meta": "@type-of-thing",
        "userDefined": false
      }
    ],
    "isTemplate": false,
    "count": 0,
    "updated": 1520348583
  }
]