[
  {
    "id": "d4d4f40b-ebef-4b70-82e2-12e11fb5faa2",
    "data": [
      {
        "text": "Il faut que j\u0027",
        "userDefined": false
      },
      {
        "text": "écoute",
        "alias": "type-of-thing",
        "meta": "@type-of-thing",
        "userDefined": true
      },
      {
        "text": " ",
        "userDefined": false
      },
      {
        "text": "Air",
        "alias": "thing-to-watch",
        "meta": "@sys.any",
        "userDefined": true
      }
    ],
    "isTemplate": false,
    "count": 0,
    "updated": 1520418743
  },
  {
    "id": "f996ec43-517f-4f6d-a816-1b1c482e541a",
    "data": [
      {
        "text": "musique",
        "alias": "type-of-thing",
        "meta": "@type-of-thing",
        "userDefined": false
      }
    ],
    "isTemplate": false,
    "count": 0,
    "updated": 1520418743
  },
  {
    "id": "38c7fd3a-c578-4c90-9574-baeb95a4330f",
    "data": [
      {
        "text": "série",
        "alias": "type-of-thing",
        "meta": "@type-of-thing",
        "userDefined": false
      }
    ],
    "isTemplate": false,
    "count": 0,
    "updated": 1520418743
  },
  {
    "id": "59517dd9-19b8-4582-a354-3c11db7c199b",
    "data": [
      {
        "text": "film",
        "alias": "type-of-thing",
        "meta": "@type-of-thing",
        "userDefined": false
      }
    ],
    "isTemplate": false,
    "count": 0,
    "updated": 1520418743
  },
  {
    "id": "52e02ac7-0763-4e6c-81f0-4b5d985ff23b",
    "data": [
      {
        "text": "je voudrais ajouter ",
        "userDefined": false
      },
      {
        "text": "imitation game",
        "alias": "thing-to-watch",
        "meta": "@sys.any",
        "userDefined": false
      }
    ],
    "isTemplate": false,
    "count": 0,
    "updated": 1520418743
  },
  {
    "id": "98cf33d7-87b4-47af-91ab-c5471251a5b9",
    "data": [
      {
        "text": "enregistre ",
        "userDefined": false
      },
      {
        "text": "led zepplin",
        "alias": "thing-to-watch",
        "meta": "@sys.any",
        "userDefined": true
      }
    ],
    "isTemplate": false,
    "count": 0,
    "updated": 1520418743
  },
  {
    "id": "2d03055d-f19c-422c-8328-260e71e5b4f4",
    "data": [
      {
        "text": "ecoute",
        "alias": "type-of-thing",
        "meta": "@type-of-thing",
        "userDefined": true
      },
      {
        "text": " ",
        "userDefined": false
      },
      {
        "text": "led zepplin",
        "alias": "thing-to-watch",
        "meta": "@sys.any",
        "userDefined": true
      }
    ],
    "isTemplate": false,
    "count": 0,
    "updated": 1520418743
  },
  {
    "id": "14618367-a827-42b2-a933-8532e60250cb",
    "data": [
      {
        "text": "je voudrais ",
        "userDefined": false
      },
      {
        "text": "écouter",
        "alias": "type-of-thing",
        "meta": "@type-of-thing",
        "userDefined": true
      },
      {
        "text": " ",
        "userDefined": false
      },
      {
        "text": "led zepplin",
        "alias": "thing-to-watch",
        "meta": "@sys.any",
        "userDefined": true
      }
    ],
    "isTemplate": false,
    "count": 0,
    "updated": 1520418743
  },
  {
    "id": "5900b0c8-782e-4173-9d39-af40a7f346fd",
    "data": [
      {
        "text": "met aussi ",
        "userDefined": false
      },
      {
        "text": "Lollywood",
        "alias": "thing-to-watch",
        "meta": "@sys.any",
        "userDefined": true
      },
      {
        "text": " dans la liste",
        "userDefined": false
      }
    ],
    "isTemplate": false,
    "count": 0,
    "updated": 1520418743
  },
  {
    "id": "f6b44c2d-0164-4537-b18b-4c523fa0775f",
    "data": [
      {
        "text": "ajoute ",
        "userDefined": false
      },
      {
        "text": "Black Mirror",
        "alias": "thing-to-watch",
        "meta": "@sys.any",
        "userDefined": true
      },
      {
        "text": " à la liste",
        "userDefined": false
      }
    ],
    "isTemplate": false,
    "count": 0,
    "updated": 1520418743
  },
  {
    "id": "9055eb24-2229-47c5-8a09-401650dee90d",
    "data": [
      {
        "text": "ajoute la ",
        "userDefined": false
      },
      {
        "text": "série",
        "alias": "type-of-thing",
        "meta": "@type-of-thing",
        "userDefined": false
      },
      {
        "text": " ",
        "userDefined": false
      },
      {
        "text": "100 pour cent",
        "alias": "thing-to-watch",
        "meta": "@sys.any",
        "userDefined": true
      }
    ],
    "isTemplate": false,
    "count": 0,
    "updated": 1520418743
  },
  {
    "id": "8d024327-67a0-490b-983b-7463d9142ca2",
    "data": [
      {
        "text": "ajoute le ",
        "userDefined": false
      },
      {
        "text": "film",
        "alias": "type-of-thing",
        "meta": "@type-of-thing",
        "userDefined": false
      },
      {
        "text": " ",
        "userDefined": false
      },
      {
        "text": "Badass multiplayer",
        "alias": "thing-to-watch",
        "meta": "@sys.any",
        "userDefined": true
      }
    ],
    "isTemplate": false,
    "count": 0,
    "updated": 1520418743
  },
  {
    "id": "deaa4717-de66-4332-a172-e40e4aceca0e",
    "data": [
      {
        "text": "ajoute donc ",
        "userDefined": false
      },
      {
        "text": "Plop va à la neige",
        "alias": "thing-to-watch",
        "meta": "@sys.any",
        "userDefined": true
      }
    ],
    "isTemplate": false,
    "count": 0,
    "updated": 1520418743
  },
  {
    "id": "a24af699-6f5c-49cc-bf08-6a91bd71dea1",
    "data": [
      {
        "text": "ajoute aussi ",
        "userDefined": false
      },
      {
        "text": "Go go les oiseaux",
        "alias": "thing-to-watch",
        "meta": "@sys.any",
        "userDefined": false
      }
    ],
    "isTemplate": false,
    "count": 0,
    "updated": 1520418743
  },
  {
    "id": "e8ad500d-c033-4f2b-b2f7-2ab09322f1db",
    "data": [
      {
        "text": "ajoute ",
        "userDefined": false
      },
      {
        "text": "Kirikou",
        "alias": "thing-to-watch",
        "meta": "@sys.any",
        "userDefined": true
      }
    ],
    "isTemplate": false,
    "count": 0,
    "updated": 1520418743
  },
  {
    "id": "d712ea73-a04a-47fd-9be0-b19708562251",
    "data": [
      {
        "text": "Il faut que je matte ",
        "userDefined": false
      },
      {
        "text": "Black Swan",
        "alias": "thing-to-watch",
        "meta": "@sys.any",
        "userDefined": false
      }
    ],
    "isTemplate": false,
    "count": 0,
    "updated": 1520418743
  },
  {
    "id": "94fbd2e8-2cd3-4ba1-a13f-15e4a815c88e",
    "data": [
      {
        "text": "C\u0027est ",
        "userDefined": false
      },
      {
        "text": "un",
        "meta": "@sys.ignore",
        "userDefined": false
      },
      {
        "text": " ",
        "userDefined": false
      },
      {
        "text": "film",
        "alias": "type-of-thing",
        "meta": "@type-of-thing",
        "userDefined": false
      }
    ],
    "isTemplate": false,
    "count": 0,
    "updated": 1520418743
  },
  {
    "id": "b3f5c810-44a0-464f-a3bf-455b63280e1c",
    "data": [
      {
        "text": "il faut que je matte ",
        "userDefined": false
      },
      {
        "text": "Une nuit en enfer",
        "alias": "thing-to-watch",
        "meta": "@sys.any",
        "userDefined": false
      }
    ],
    "isTemplate": false,
    "count": 1,
    "updated": 1520418743
  },
  {
    "id": "07aa6b44-ef17-42b6-bdf9-8f1e0bee35f9",
    "data": [
      {
        "text": "série",
        "alias": "type-of-thing",
        "meta": "@type-of-thing",
        "userDefined": true
      },
      {
        "text": " à tester ",
        "userDefined": false
      },
      {
        "text": "Ugly Delicious",
        "alias": "thing-to-watch",
        "meta": "@sys.any",
        "userDefined": true
      }
    ],
    "isTemplate": false,
    "count": 0,
    "updated": 1520418743
  },
  {
    "id": "5062e9ba-216b-43cc-9fbe-66179094cb86",
    "data": [
      {
        "text": "ajoute ce ",
        "userDefined": false
      },
      {
        "text": "film",
        "alias": "type-of-thing",
        "meta": "@type-of-thing",
        "userDefined": false
      },
      {
        "text": " ",
        "userDefined": false
      },
      {
        "text": "Boulevard de la mort",
        "alias": "thing-to-watch",
        "meta": "@sys.any",
        "userDefined": true
      }
    ],
    "isTemplate": false,
    "count": 0,
    "updated": 1520418743
  },
  {
    "id": "30b7f4cb-3401-45ad-bf21-7528ebd361cc",
    "data": [
      {
        "text": "voir la suite de ",
        "userDefined": false
      },
      {
        "text": "Ugly Delicious",
        "alias": "thing-to-watch",
        "meta": "@sys.any",
        "userDefined": true
      }
    ],
    "isTemplate": false,
    "count": 0,
    "updated": 1520418743
  },
  {
    "id": "43194a55-9b14-42e0-9236-f1dbbc656838",
    "data": [
      {
        "text": "à  voir ",
        "userDefined": false
      },
      {
        "text": "Heathers (sur Netflix)",
        "alias": "thing-to-watch",
        "meta": "@sys.any",
        "userDefined": true
      }
    ],
    "isTemplate": false,
    "count": 0,
    "updated": 1520418743
  },
  {
    "id": "d44474a7-0b9a-42a9-8aac-389c90a3a44c",
    "data": [
      {
        "text": "faut que je matte ",
        "userDefined": false
      },
      {
        "text": "Lost in translation",
        "alias": "thing-to-watch",
        "meta": "@sys.any",
        "userDefined": true
      }
    ],
    "isTemplate": false,
    "count": 0,
    "updated": 1520418743
  },
  {
    "id": "6157d9e7-a053-4b48-8a64-91bc9fc96317",
    "data": [
      {
        "text": "il faut que je regarde ",
        "userDefined": false
      },
      {
        "text": "Lost",
        "alias": "thing-to-watch",
        "meta": "@sys.any",
        "userDefined": true
      }
    ],
    "isTemplate": false,
    "count": 0,
    "updated": 1520418743
  },
  {
    "id": "c8d40770-73bd-4170-a67f-d397be1ec3ee",
    "data": [
      {
        "text": "on m\u0027a conseillé ",
        "userDefined": false
      },
      {
        "text": "Une nuit en enfer",
        "alias": "thing-to-watch",
        "meta": "@sys.any",
        "userDefined": true
      }
    ],
    "isTemplate": false,
    "count": 0,
    "updated": 1520418743
  },
  {
    "id": "b5c7d4b7-9a5c-4559-8e18-9fa194ccd137",
    "data": [
      {
        "text": "à matter : ",
        "userDefined": false
      },
      {
        "text": "https://www.youtube.com/watch?v\u003d6JgCDrMWWK8",
        "alias": "thing-to-watch",
        "meta": "@sys.any",
        "userDefined": true
      }
    ],
    "isTemplate": false,
    "count": 0,
    "updated": 1520418743
  },
  {
    "id": "51473533-3623-47af-bbcd-103af4f11a84",
    "data": [
      {
        "text": "à check ",
        "userDefined": false
      },
      {
        "text": "https://www.youtube.com/watch?v\u003d6JgCDrMWWK8",
        "alias": "thing-to-watch",
        "meta": "@sys.any",
        "userDefined": true
      }
    ],
    "isTemplate": false,
    "count": 0,
    "updated": 1520418743
  },
  {
    "id": "34a2df85-3d17-43c0-b525-3d4073f6b87a",
    "data": [
      {
        "text": "à voir : ",
        "userDefined": false
      },
      {
        "text": "https://www.youtube.com/watch?v\u003d6JgCDrMWWK8",
        "alias": "thing-to-watch",
        "meta": "@sys.any",
        "userDefined": true
      }
    ],
    "isTemplate": false,
    "count": 0,
    "updated": 1520418743
  },
  {
    "id": "cb358fac-da50-4d43-9dcc-05e94a456f9b",
    "data": [
      {
        "text": "il faut que je matte ",
        "userDefined": false
      },
      {
        "text": "https://www.youtube.com/watch?v\u003d6JgCDrMWWK8",
        "alias": "thing-to-watch",
        "meta": "@sys.any",
        "userDefined": true
      }
    ],
    "isTemplate": false,
    "count": 0,
    "updated": 1520418743
  }
]