[
  {
    "id": "7be36570-6b1c-4511-9358-2b7d3d42ed9d",
    "data": [
      {
        "text": "Parler avec mon application test",
        "userDefined": false
      }
    ],
    "isTemplate": false,
    "count": 0,
    "updated": 1520522850
  },
  {
    "id": "f487752f-2602-4ddc-b2ff-6995b5f6030c",
    "data": [
      {
        "text": "hey",
        "userDefined": false
      }
    ],
    "isTemplate": false,
    "count": 0,
    "updated": 1520522829
  },
  {
    "id": "dd04c5ae-d519-42c0-a9fe-ebaaa3c897c4",
    "data": [
      {
        "text": "salut",
        "userDefined": false
      }
    ],
    "isTemplate": false,
    "count": 1,
    "updated": 1520522829
  },
  {
    "id": "0ced1d56-3112-469e-9803-86277ec01753",
    "data": [
      {
        "text": "hello",
        "userDefined": false
      }
    ],
    "isTemplate": false,
    "count": 0,
    "updated": 1520522802
  },
  {
    "id": "a4ffabc9-7a6f-4d14-9b45-cf7aaf09fccc",
    "data": [
      {
        "text": "coucou",
        "userDefined": false
      }
    ],
    "isTemplate": false,
    "count": 0,
    "updated": 1520522802
  },
  {
    "id": "38280c39-fac7-4259-be34-92f371f174bf",
    "data": [
      {
        "text": "Hey !",
        "userDefined": false
      }
    ],
    "isTemplate": false,
    "count": 0,
    "updated": 0
  },
  {
    "id": "0d9aa7a0-88db-43a6-ab12-ee707cd0b0c6",
    "data": [
      {
        "text": "ça va ?",
        "userDefined": false
      }
    ],
    "isTemplate": false,
    "count": 0,
    "updated": 0
  }
]