[
  {
    "id": "d87d353a-c9fc-4d58-9f1a-ce01db606eca",
    "data": [
      {
        "text": "man",
        "userDefined": false
      }
    ],
    "isTemplate": false,
    "count": 0,
    "updated": 1520416766
  },
  {
    "id": "b1436a36-9c73-4276-9c0d-11333a02c3ff",
    "data": [
      {
        "text": "manuel",
        "userDefined": false
      }
    ],
    "isTemplate": false,
    "count": 0,
    "updated": 1520416766
  },
  {
    "id": "48b7e0a6-af01-4575-bcb0-c4e5aa9adfb1",
    "data": [
      {
        "text": "help ?",
        "userDefined": false
      }
    ],
    "isTemplate": false,
    "count": 0,
    "updated": 1520416766
  },
  {
    "id": "f90dfccf-5eaf-4d13-b9ab-9efe228ee179",
    "data": [
      {
        "text": "aide ",
        "userDefined": false
      },
      {
        "text": "moi",
        "meta": "@sys.ignore",
        "userDefined": false
      }
    ],
    "isTemplate": false,
    "count": 1,
    "updated": 1520416766
  },
  {
    "id": "758ed4cd-16a5-49c6-8560-e3cde7d974fc",
    "data": [
      {
        "text": "je suis perdu",
        "userDefined": false
      }
    ],
    "isTemplate": false,
    "count": 0,
    "updated": 1520416766
  },
  {
    "id": "1d4564ce-4b50-4df9-80bd-13b607735762",
    "data": [
      {
        "text": "qu\u0027est ce que je peux faire ?",
        "userDefined": false
      }
    ],
    "isTemplate": false,
    "count": 0,
    "updated": 1520416766
  },
  {
    "id": "10806f41-76ef-40b2-9d11-0f3a3df306d8",
    "data": [
      {
        "text": "Help",
        "userDefined": false
      }
    ],
    "isTemplate": false,
    "count": 0,
    "updated": 1520416766
  },
  {
    "id": "c2ee6c80-07c6-4cec-a0a3-4662a59aeda9",
    "data": [
      {
        "text": "Aide",
        "userDefined": false
      }
    ],
    "isTemplate": false,
    "count": 0,
    "updated": 1520416766
  },
  {
    "id": "7ab07da7-fc10-4262-b78e-0f1040c47203",
    "data": [
      {
        "text": "Que puis-je  faire ?",
        "userDefined": false
      }
    ],
    "isTemplate": false,
    "count": 0,
    "updated": 1520416766
  }
]