[
  {
    "id": "44dbe24d-e8c9-4bcc-9050-4bc20fe77d22",
    "data": [
      {
        "text": "qu\u0027est ce que tu sais faire ?",
        "userDefined": false
      }
    ],
    "isTemplate": false,
    "count": 0,
    "updated": 1520416918
  },
  {
    "id": "ed75d095-cabe-4262-9acd-820b9c44cf14",
    "data": [
      {
        "text": "de quoi est-tu capable ?",
        "userDefined": false
      }
    ],
    "isTemplate": false,
    "count": 0,
    "updated": 1520416918
  },
  {
    "id": "6e48ab8c-dc9f-4c85-9430-4a9af968b6d6",
    "data": [
      {
        "text": "que fait tu ?",
        "userDefined": false
      }
    ],
    "isTemplate": false,
    "count": 0,
    "updated": 1520416918
  },
  {
    "id": "717f80d6-bc6c-4d4a-9a48-c6723ba0d960",
    "data": [
      {
        "text": "que fais tu ?",
        "userDefined": false
      }
    ],
    "isTemplate": false,
    "count": 0,
    "updated": 1520416918
  },
  {
    "id": "7216d4e2-6bf8-4476-b1b0-ab2be210e2ad",
    "data": [
      {
        "text": "Quel est le but de ce bot ?",
        "userDefined": false
      }
    ],
    "isTemplate": false,
    "count": 0,
    "updated": 1520416918
  }
]