[
  {
    "id": "7c96422d-e6a5-4b89-93ea-12bd978db304",
    "data": [
      {
        "text": "qu\u0027est ce que tu fais ",
        "userDefined": false
      }
    ],
    "isTemplate": false,
    "count": 0,
    "updated": 0
  },
  {
    "id": "864ef26d-d264-406d-92f7-999a47506a2d",
    "data": [
      {
        "text": "qu\u0027est ce que tu sais faire ?",
        "userDefined": false
      }
    ],
    "isTemplate": false,
    "count": 0,
    "updated": 1520416918
  },
  {
    "id": "a92b1876-19bc-46b9-b01d-a62358f708a0",
    "data": [
      {
        "text": "de quoi est-tu capable ?",
        "userDefined": false
      }
    ],
    "isTemplate": false,
    "count": 0,
    "updated": 1520416918
  },
  {
    "id": "5846980b-9a05-4788-adc0-0d60c8baca9e",
    "data": [
      {
        "text": "que fait tu ?",
        "userDefined": false
      }
    ],
    "isTemplate": false,
    "count": 0,
    "updated": 1520416918
  },
  {
    "id": "7e95c04d-6390-4776-acec-e20a831f4ddc",
    "data": [
      {
        "text": "que fais tu ?",
        "userDefined": false
      }
    ],
    "isTemplate": false,
    "count": 0,
    "updated": 1520416918
  },
  {
    "id": "29d2e518-9e40-4180-a3a5-503eb0d0b2db",
    "data": [
      {
        "text": "Quel est le but de ce bot ?",
        "userDefined": false
      }
    ],
    "isTemplate": false,
    "count": 0,
    "updated": 1520416918
  }
]