[
  {
    "id": "99c02c06-64a7-436b-ba65-a3da6421dc6d",
    "data": [
      {
        "text": "qui est l\u0027auteur ?",
        "userDefined": false
      }
    ],
    "isTemplate": false,
    "count": 0,
    "updated": 1520418484
  },
  {
    "id": "4b14dbf0-f82b-49ef-88fa-f79fa55f7fc9",
    "data": [
      {
        "text": "qui est l\u0027auteur de ce bot ?",
        "userDefined": false
      }
    ],
    "isTemplate": false,
    "count": 0,
    "updated": 1520418484
  },
  {
    "id": "ae6b1e39-d216-492d-88a0-62b5670403f6",
    "data": [
      {
        "text": "qui est ton père ?",
        "userDefined": false
      }
    ],
    "isTemplate": false,
    "count": 0,
    "updated": 1520418484
  },
  {
    "id": "3636a54a-7673-4e76-b469-35cdc8a32be1",
    "data": [
      {
        "text": "qui est ton papa ?",
        "userDefined": false
      }
    ],
    "isTemplate": false,
    "count": 0,
    "updated": 1520418484
  },
  {
    "id": "b8f57459-39c8-4155-8220-c7952b1b8d46",
    "data": [
      {
        "text": "qui est ton créateur ?",
        "userDefined": false
      }
    ],
    "isTemplate": false,
    "count": 0,
    "updated": 1520418484
  },
  {
    "id": "3786a7bc-eb06-45b4-84cd-25deb319414c",
    "data": [
      {
        "text": "qui t\u0027a créé ?",
        "userDefined": false
      }
    ],
    "isTemplate": false,
    "count": 0,
    "updated": 1520418484
  }
]